<TICKER>;<CLOSE>
RTSI;1646.6
RTSI;1630.14
RTSI;1630.35
RTSI;1632
RTSI;1630.68
RTSI;1631.35
RTSI;1629.49
RTSI;1626.67
RTSI;1626.33
RTSI;1625.41
RTSI;1626.34
RTSI;1626.94
RTSI;1629.08
RTSI;1627.26
RTSI;1626.65
RTSI;1624.9
RTSI;1625.15
RTSI;1626.46
RTSI;1626.57
RTSI;1625.57
RTSI;1627.33
RTSI;1627.68
RTSI;1628.77
RTSI;1628.74
RTSI;1630.01
RTSI;1628.55
RTSI;1630.86
RTSI;1631.06
RTSI;1631.21
RTSI;1630.62
RTSI;1631.1
RTSI;1630.92
RTSI;1630.52
RTSI;1628.9
RTSI;1629.19
RTSI;1629.18
RTSI;1629.13
RTSI;1629.95
RTSI;1630.52
RTSI;1630.52
RTSI;1629.36
RTSI;1631.62
RTSI;1631.38
RTSI;1631.08
RTSI;1629.88
RTSI;1627.81
RTSI;1627.19
RTSI;1626.96
RTSI;1626.98
RTSI;1627.02
RTSI;1626.02
RTSI;1624.96
RTSI;1625.97
RTSI;1627.61
RTSI;1628.17
RTSI;1627.72
RTSI;1628.1
RTSI;1628.14
RTSI;1628.24
RTSI;1629.09
RTSI;1628.74
RTSI;1628.82
RTSI;1628.8
RTSI;1629.69
RTSI;1628.71
RTSI;1628.41
RTSI;1629.2
RTSI;1630.31
RTSI;1629.87
RTSI;1628.86
RTSI;1628.46
RTSI;1627.63
RTSI;1626.03
RTSI;1624.76
RTSI;1626.11
RTSI;1627.11
RTSI;1626.67
RTSI;1626.7
RTSI;1627.65
RTSI;1628.54
RTSI;1628
RTSI;1626.66
RTSI;1625.61
RTSI;1626.01
RTSI;1625.65
RTSI;1628.05
RTSI;1629.07
RTSI;1627.64
RTSI;1627.96
RTSI;1628.06
RTSI;1629.13
RTSI;1629.18
RTSI;1630.47
RTSI;1630.83
RTSI;1631.72
RTSI;1632.68
RTSI;1633.6
RTSI;1636.03
RTSI;1634.94
RTSI;1633.29
RTSI;1631.54
RTSI;1632.59
RTSI;1633.07
RTSI;1633.3
RTSI;1633.53
RTSI;1633.53
RTSI;1634.32
RTSI;1634.32
RTSI;1641.98
RTSI;1641.47
RTSI;1638.64
RTSI;1640.13
RTSI;1637.14
RTSI;1637.7
RTSI;1637.53
RTSI;1636.37
RTSI;1635.77
RTSI;1636.39
RTSI;1635.83
RTSI;1635.08
RTSI;1636.59
RTSI;1635.5
RTSI;1635.8
RTSI;1634.35
RTSI;1634.25
RTSI;1633.93
RTSI;1633.07
RTSI;1633.41
RTSI;1633.14
RTSI;1631.89
RTSI;1631.36
RTSI;1630.41
RTSI;1629.89
RTSI;1631.44
RTSI;1631.41
RTSI;1627.45
RTSI;1628.9
RTSI;1627.02
RTSI;1627.07
RTSI;1626.43
RTSI;1626.3
RTSI;1626.8
RTSI;1628.68
RTSI;1629.52
RTSI;1628.85
RTSI;1628.78
RTSI;1629.89
RTSI;1628.41
RTSI;1628.52
RTSI;1628.42
RTSI;1628.08
RTSI;1627.37
RTSI;1625.41
RTSI;1626.07
RTSI;1626.76
RTSI;1626.61
RTSI;1626.71
RTSI;1624.62
RTSI;1625.73
RTSI;1624.33
RTSI;1622.64
RTSI;1622.06
RTSI;1620.62
RTSI;1620.73
RTSI;1620.86
RTSI;1620.09
RTSI;1618.31
RTSI;1616.91
RTSI;1617.67
RTSI;1617.78
RTSI;1619.61
RTSI;1620.32
RTSI;1619.65
RTSI;1618.96
RTSI;1620.89
RTSI;1621.47
RTSI;1621.15
RTSI;1621.44
RTSI;1621.27
RTSI;1619.63
RTSI;1618.02
RTSI;1619.24
RTSI;1619.28
RTSI;1619.77
RTSI;1618.65
RTSI;1618.76
RTSI;1618.22
RTSI;1617.73
RTSI;1617.73
RTSI;1618.24
RTSI;1617.85
RTSI;1618.56
RTSI;1618.95
RTSI;1619.8
RTSI;1620.59
RTSI;1620.43
RTSI;1619.9
RTSI;1620.17
RTSI;1619.71
RTSI;1620.46
RTSI;1620.45
RTSI;1618.73
RTSI;1618.05
RTSI;1618.94
RTSI;1617.57
RTSI;1617.11
RTSI;1615.65
RTSI;1615.78
RTSI;1615.57
RTSI;1615.28
RTSI;1615.3
RTSI;1615.74
RTSI;1615.74
RTSI;1612.87
RTSI;1612.87
RTSI;1603.08
RTSI;1602.53
RTSI;1604.32
RTSI;1605.43
RTSI;1605.69
RTSI;1606.74
RTSI;1607.83
RTSI;1605.91
RTSI;1605
RTSI;1605.65
RTSI;1604.41
RTSI;1604.52
RTSI;1604.97
RTSI;1603.23
RTSI;1602.77
RTSI;1604.21
RTSI;1605.23
RTSI;1605.23
RTSI;1607.9
RTSI;1607.85
RTSI;1607.41
RTSI;1607.61
RTSI;1607.01
RTSI;1609.31
RTSI;1608.92
RTSI;1609.03
RTSI;1610.5
RTSI;1611.35
RTSI;1610.52
RTSI;1609.81
RTSI;1609.34
RTSI;1610.08
RTSI;1608.98
RTSI;1609.43
RTSI;1610.13
RTSI;1608.79
RTSI;1609.32
RTSI;1609.3
RTSI;1608.7
RTSI;1609.03
RTSI;1610
RTSI;1608.89
RTSI;1608.85
RTSI;1608.52
RTSI;1609.02
RTSI;1609.42
RTSI;1609.19
RTSI;1609.03
RTSI;1607.46
RTSI;1609.67
RTSI;1609.96
RTSI;1609.16
RTSI;1609.66
RTSI;1609.71
RTSI;1611.54
RTSI;1611.74
RTSI;1611.95
RTSI;1612.79
RTSI;1612.54
RTSI;1611.9
RTSI;1613.32
RTSI;1613.04
RTSI;1613.5
RTSI;1613.1
RTSI;1613.9
RTSI;1614.33
RTSI;1613.07
RTSI;1612.69
RTSI;1610.99
RTSI;1611.28
RTSI;1611.24
RTSI;1611.46
RTSI;1610.43
RTSI;1610.39
RTSI;1609.79
RTSI;1609.98
RTSI;1610.47
RTSI;1610.11
RTSI;1610.4
RTSI;1610.02
RTSI;1608.87
RTSI;1607.03
RTSI;1606.96
RTSI;1605.99
RTSI;1605.33
RTSI;1603.99
RTSI;1604.26
RTSI;1601.84
RTSI;1601.32
RTSI;1600.37
RTSI;1598.31
RTSI;1597.67
RTSI;1596.67
RTSI;1594.23
RTSI;1594.59
RTSI;1596.51
RTSI;1596.36
RTSI;1597.02
RTSI;1597.81
RTSI;1596.42
RTSI;1595.24
RTSI;1595.5
RTSI;1597.03
RTSI;1596.04
RTSI;1596.05
RTSI;1596.11
RTSI;1596.11
RTSI;1608.73
RTSI;1609.78
RTSI;1609.41
RTSI;1609.82
RTSI;1611.04
RTSI;1609.88
RTSI;1609.99
RTSI;1609.59
RTSI;1609.35
RTSI;1610.32
RTSI;1609.32
RTSI;1609.77
RTSI;1611.17
RTSI;1610.5
RTSI;1610.78
RTSI;1609.87
RTSI;1610.94
RTSI;1609.54
RTSI;1609.25
RTSI;1610.11
RTSI;1610.48
RTSI;1612.51
RTSI;1614.34
RTSI;1613.22
RTSI;1611.64
RTSI;1612
RTSI;1613.17
RTSI;1612.21
RTSI;1611.39
RTSI;1610.43
RTSI;1610.66
RTSI;1610.21
RTSI;1609.59
RTSI;1607.47
RTSI;1607.79
RTSI;1606.4
RTSI;1604.96
RTSI;1606.46
RTSI;1606.66
RTSI;1605.64
RTSI;1605.1
RTSI;1605.36
RTSI;1604.33
RTSI;1601.76
RTSI;1602.62
RTSI;1601.13
RTSI;1600.62
RTSI;1600.65
RTSI;1600.06
RTSI;1604.87
RTSI;1604.92
RTSI;1605.53
RTSI;1604.54
RTSI;1604.46
RTSI;1606.02
RTSI;1607.34
RTSI;1604.33
RTSI;1605.83
RTSI;1606.96
RTSI;1609.62
RTSI;1610.9
RTSI;1610.13
RTSI;1610.32
RTSI;1609.53
RTSI;1610.9
RTSI;1610.72
RTSI;1610.35
RTSI;1610.51
RTSI;1610.52
RTSI;1610.13
RTSI;1607.98
RTSI;1607.99
RTSI;1607.39
RTSI;1608.11
RTSI;1609.26
RTSI;1610.37
RTSI;1610.91
RTSI;1609.62
RTSI;1609.04
RTSI;1608.56
RTSI;1609.56
RTSI;1609.89
RTSI;1608.51
RTSI;1608.49
RTSI;1606.64
RTSI;1607.59
RTSI;1608.5
RTSI;1607.94
RTSI;1606.5
RTSI;1605.03
RTSI;1602.29
RTSI;1602.8
RTSI;1603.09
RTSI;1602.86
RTSI;1601.84
RTSI;1604.97
RTSI;1603.73
RTSI;1602.7
RTSI;1603.28
RTSI;1600.28
RTSI;1600.93
RTSI;1599.45
RTSI;1597.92
RTSI;1599.19
RTSI;1599.19
RTSI;1599.82
RTSI;1599.82
RTSI;1570.13
RTSI;1572.14
RTSI;1570.18
RTSI;1572.08
RTSI;1571.8
RTSI;1570.12
RTSI;1568.28
RTSI;1568.17
RTSI;1569.58
RTSI;1566.82
RTSI;1566.91
RTSI;1565.82
RTSI;1568.18
RTSI;1569.57
RTSI;1571.13
RTSI;1572.85
RTSI;1572.7
RTSI;1572.87
RTSI;1571.61
RTSI;1571.06
RTSI;1570.79
RTSI;1571.21
RTSI;1568.73
RTSI;1568.88
RTSI;1567.33
RTSI;1567.21
RTSI;1566.47
RTSI;1563.41
RTSI;1564.62
RTSI;1562.91
RTSI;1562.52
RTSI;1560.42
RTSI;1559.21
RTSI;1560.12
RTSI;1560.34
RTSI;1559.08
RTSI;1555.95
RTSI;1557.62
RTSI;1555.41
RTSI;1553.58
RTSI;1554.05
RTSI;1552.1
RTSI;1554.3
RTSI;1555.29
RTSI;1554
RTSI;1553.91
RTSI;1553.81
RTSI;1555.34
RTSI;1551.64
RTSI;1552
RTSI;1548.97
RTSI;1548.94
RTSI;1551.08
RTSI;1552.14
RTSI;1553.93
RTSI;1552.31
RTSI;1552.74
RTSI;1551.33
RTSI;1550.27
RTSI;1551.92
RTSI;1553.32
RTSI;1553.94
RTSI;1551.71
RTSI;1553.33
RTSI;1553.22
RTSI;1553.11
RTSI;1552.58
RTSI;1551.73
RTSI;1553.38
RTSI;1552.71
RTSI;1553.15
RTSI;1552.26
RTSI;1551.88
RTSI;1550.7
RTSI;1550.44
RTSI;1550.93
RTSI;1547.89
RTSI;1547.73
RTSI;1548.28
RTSI;1547.93
RTSI;1548
RTSI;1547.27
RTSI;1549.76
RTSI;1548.71
RTSI;1548.71
RTSI;1549.04
RTSI;1547.98
RTSI;1546.32
RTSI;1546.1
RTSI;1544.91
RTSI;1549.14
RTSI;1551.01
RTSI;1551.11
RTSI;1551.04
RTSI;1551.08
RTSI;1547.99
RTSI;1546.74
RTSI;1546.53
RTSI;1545.27
RTSI;1542.4
RTSI;1543.95
RTSI;1544.75
RTSI;1543.42
RTSI;1547.3
RTSI;1547.3
RTSI;1541.9
RTSI;1541.9
RTSI;1553.41
RTSI;1554.47
RTSI;1555.94
RTSI;1557.82
RTSI;1556.98
RTSI;1557.58
RTSI;1556.87
RTSI;1557.58
RTSI;1556.99
RTSI;1556.44
RTSI;1556.91
RTSI;1556.64
RTSI;1550.58
RTSI;1552.85
RTSI;1551.64
RTSI;1549.69
RTSI;1548.14
RTSI;1548.08
RTSI;1548.29
RTSI;1547.53
RTSI;1546.21
RTSI;1543.87
RTSI;1542.24
RTSI;1542.73
RTSI;1540.15
RTSI;1538.39
RTSI;1538.12
RTSI;1535.29
RTSI;1533.75
RTSI;1534.03
RTSI;1535.69
RTSI;1536.92
RTSI;1540.21
RTSI;1540.25
RTSI;1542.91
RTSI;1543.77
RTSI;1544.41
RTSI;1543.74
RTSI;1541.43
RTSI;1543.06
RTSI;1544.5
RTSI;1545.93
RTSI;1548.94
RTSI;1551.69
RTSI;1552.15
RTSI;1552.94
RTSI;1551.67
RTSI;1551.72
RTSI;1551.23
RTSI;1548.71
RTSI;1547.68
RTSI;1549.93
RTSI;1550.99
RTSI;1551.36
RTSI;1550.45
RTSI;1550.13
RTSI;1552.05
RTSI;1551.27
RTSI;1552.33
RTSI;1556.03
RTSI;1556.85
RTSI;1556.38
RTSI;1558.16
RTSI;1559
RTSI;1560.56
RTSI;1559.67
RTSI;1561.01
RTSI;1562.59
RTSI;1564.88
RTSI;1565.32
RTSI;1567.14
RTSI;1564.94
RTSI;1563.89
RTSI;1565.92
RTSI;1565.23
RTSI;1564.1
RTSI;1563.65
RTSI;1564.49
RTSI;1565.93
RTSI;1565.87
RTSI;1565.07
RTSI;1563.14
RTSI;1562.26
RTSI;1560.83
RTSI;1559.82
RTSI;1558.84
RTSI;1561.02
RTSI;1562.93
RTSI;1562.05
RTSI;1560.74
RTSI;1558.5
RTSI;1555.92
RTSI;1558.1
RTSI;1557.65
RTSI;1561.69
RTSI;1561.23
RTSI;1562.82
RTSI;1565.54
RTSI;1565.59
RTSI;1567.74
RTSI;1567.77
RTSI;1569.71
RTSI;1571.14
RTSI;1572.56
RTSI;1572.55
RTSI;1572.23
RTSI;1572.23
RTSI;1581.98
RTSI;1578.04
RTSI;1579.01
RTSI;1580.58
RTSI;1580.26
RTSI;1579.64
RTSI;1577.92
RTSI;1577.92
RTSI;1576.17
RTSI;1576.51
RTSI;1575.19
RTSI;1576.7
RTSI;1574.02
RTSI;1572.29
RTSI;1573.71
RTSI;1576.08
RTSI;1578.46
RTSI;1580.84
RTSI;1582.48
RTSI;1583.12
RTSI;1581.22
RTSI;1581.03
RTSI;1582
RTSI;1581.27
RTSI;1578.73
RTSI;1577.99
RTSI;1575.69
RTSI;1576.31
RTSI;1574.39
RTSI;1576.55
RTSI;1578.09
RTSI;1577.95
RTSI;1577.46
RTSI;1578.15
RTSI;1577.67
RTSI;1577.65
RTSI;1577.31
RTSI;1577.82
RTSI;1578.75
RTSI;1579.04
RTSI;1579.74
RTSI;1577.74
RTSI;1576.63
RTSI;1577.4
RTSI;1577.78
RTSI;1577.6
RTSI;1579.11
RTSI;1578.59
RTSI;1578.5
RTSI;1577.84
RTSI;1576.71
RTSI;1575.9
RTSI;1575.78
RTSI;1576.85
RTSI;1574.4
RTSI;1575.25
RTSI;1575.97
RTSI;1576.97
RTSI;1578.1
RTSI;1577.83
RTSI;1576.99
RTSI;1576.68
RTSI;1577.98
RTSI;1577.44
RTSI;1577.59
RTSI;1577.59
RTSI;1577.36
RTSI;1577.41
RTSI;1576.85
RTSI;1576
RTSI;1574.74
RTSI;1574.62
RTSI;1573.99
RTSI;1573.15
RTSI;1572.45
RTSI;1573.33
RTSI;1574.57
RTSI;1575.59
RTSI;1576.09
RTSI;1575.54
RTSI;1574.9
RTSI;1575.94
RTSI;1574.69
RTSI;1575.26
RTSI;1575.89
RTSI;1575.46
RTSI;1575.13
RTSI;1576.6
RTSI;1575.69
RTSI;1577.02
RTSI;1576.62
RTSI;1575.75
RTSI;1575.14
RTSI;1572.27
RTSI;1572.31
RTSI;1567.92
RTSI;1563.94
RTSI;1565.73
RTSI;1567.55
RTSI;1568.74
RTSI;1570.09
RTSI;1570.99
RTSI;1568.71
RTSI;1571.49
RTSI;1571.49
RTSI;1570.65
RTSI;1570.65
RTSI;1552.62
RTSI;1550.74
RTSI;1552.78
RTSI;1551.64
RTSI;1551.67
RTSI;1552.34
RTSI;1552.04
RTSI;1548.91
RTSI;1549.62
RTSI;1549.79
RTSI;1548.35
RTSI;1549.11
RTSI;1548.13
RTSI;1550.64
RTSI;1552.72
RTSI;1551.68
RTSI;1552.04
RTSI;1552.56
RTSI;1551.31
RTSI;1552.77
RTSI;1554.02
RTSI;1554.57
RTSI;1556.05
RTSI;1556.84
RTSI;1558.39
RTSI;1559.4
RTSI;1558.11
RTSI;1559.58
RTSI;1560.83
RTSI;1560.98
RTSI;1559.47
RTSI;1559.96
RTSI;1559.37
RTSI;1558.09
RTSI;1560.16
RTSI;1559.85
RTSI;1558.72
RTSI;1558.12
RTSI;1557.06
RTSI;1556.39
RTSI;1555.89
RTSI;1556.61
RTSI;1556.68
RTSI;1556.14
RTSI;1556.84
RTSI;1559.48
RTSI;1560
RTSI;1559.24
RTSI;1558.41
RTSI;1556.97
RTSI;1556.1
RTSI;1555.69
RTSI;1554.31
RTSI;1554.67
RTSI;1553.97
RTSI;1553.77
RTSI;1553.62
RTSI;1552.77
RTSI;1550.93
RTSI;1552.3
RTSI;1551.69
RTSI;1551.29
RTSI;1553.71
RTSI;1554.24
RTSI;1551.86
RTSI;1551.9
RTSI;1552.69
RTSI;1553.12
RTSI;1552.86
RTSI;1551.47
RTSI;1551.34
RTSI;1551.04
RTSI;1551.97
RTSI;1552.92
RTSI;1553.74
RTSI;1553.41
RTSI;1555.72
RTSI;1555.19
RTSI;1557.93
RTSI;1557.24
RTSI;1555.62
RTSI;1554.72
RTSI;1554.13
RTSI;1554.39
RTSI;1554.89
RTSI;1554.94
RTSI;1552.91
RTSI;1550.82
RTSI;1551.17
RTSI;1546.27
RTSI;1549.13
RTSI;1553.72
RTSI;1553.23
RTSI;1554.91
RTSI;1552.06
RTSI;1550.72
RTSI;1550.08
RTSI;1553.24
RTSI;1550.53
RTSI;1549.06
RTSI;1546.63
RTSI;1546.65
RTSI;1545.6
RTSI;1545.11
RTSI;1545.11
RTSI;1544.55
RTSI;1544.55
RTSI;1558.7
RTSI;1565.61
RTSI;1565.57
RTSI;1564.53
RTSI;1562.8
RTSI;1562.13
RTSI;1562.84
RTSI;1562.98
RTSI;1563.37
RTSI;1564.21
RTSI;1561.94
RTSI;1562.13
RTSI;1561.91
RTSI;1562.5
RTSI;1560.56
RTSI;1559.64
RTSI;1558.72
RTSI;1558.98
RTSI;1558.05
RTSI;1558.54
RTSI;1558.8
RTSI;1559.11
RTSI;1559.26
RTSI;1556.16
RTSI;1556.49
RTSI;1556.92
RTSI;1556.58
RTSI;1556.78
RTSI;1555.18
RTSI;1555.74
RTSI;1552.97
RTSI;1552.01
RTSI;1552.01
RTSI;1551.79
RTSI;1549.91
RTSI;1548.82
RTSI;1548.83
RTSI;1546.78
RTSI;1544.37
RTSI;1543.06
RTSI;1542.88
RTSI;1543.04
RTSI;1540.79
RTSI;1538.53
RTSI;1538.34
RTSI;1541.68
RTSI;1541.11
RTSI;1540.53
RTSI;1540.56
RTSI;1541.86
RTSI;1542.38
RTSI;1541.12
RTSI;1540.99
RTSI;1539.53
RTSI;1535.39
RTSI;1535.48
RTSI;1534.38
RTSI;1535.87
RTSI;1538.46
RTSI;1537.74
RTSI;1539.84
RTSI;1538.71
RTSI;1540.72
RTSI;1542.55
RTSI;1540.35
RTSI;1539.85
RTSI;1540.28
RTSI;1538.7
RTSI;1536.2
RTSI;1534.4
RTSI;1535.25
RTSI;1532.21
RTSI;1532.62
RTSI;1533.62
RTSI;1533.56
RTSI;1533.29
RTSI;1533.82
RTSI;1533.15
RTSI;1532.7
RTSI;1531.11
RTSI;1531.89
RTSI;1530.2
RTSI;1531.15
RTSI;1532.95
RTSI;1532.48
RTSI;1532.5
RTSI;1534.98
RTSI;1533.2
RTSI;1532.1
RTSI;1531.39
RTSI;1530.63
RTSI;1529.72
RTSI;1528.15
RTSI;1527.1
RTSI;1526.56
RTSI;1527.94
RTSI;1525.38
RTSI;1523.32
RTSI;1521.64
RTSI;1521.36
RTSI;1522.57
RTSI;1521.1
RTSI;1521.79
RTSI;1518.68
RTSI;1518.68
RTSI;1517.07
RTSI;1517.07
RTSI;1515.42
RTSI;1520.88
RTSI;1517.11
RTSI;1518.14
RTSI;1518.58
RTSI;1515.21
RTSI;1515.4
RTSI;1515.43
RTSI;1514.19
RTSI;1516.73
RTSI;1517.52
RTSI;1516.83
RTSI;1517.83
RTSI;1516.61
RTSI;1513.11
RTSI;1513.28
RTSI;1511.15
RTSI;1510.99
RTSI;1510.28
RTSI;1511.25
RTSI;1512.6
RTSI;1512.87
RTSI;1513.84
RTSI;1513.65
RTSI;1515.14
RTSI;1518.06
RTSI;1519.38
RTSI;1520.27
RTSI;1518.23
RTSI;1517.47
RTSI;1516.42
RTSI;1515.83
RTSI;1517.87
RTSI;1517.81
RTSI;1517.33
RTSI;1515.49
RTSI;1515.56
RTSI;1515.06
RTSI;1516.11
RTSI;1517.06
RTSI;1516.35
RTSI;1517.39
RTSI;1517.34
RTSI;1516.45
RTSI;1515.21
RTSI;1517.33
RTSI;1516.54
RTSI;1516.64
RTSI;1517.53
RTSI;1520.25
RTSI;1522.55
RTSI;1520.98
RTSI;1521.14
RTSI;1520.92
RTSI;1520.21
RTSI;1520.81
RTSI;1521.78
RTSI;1522.17
RTSI;1523.56
RTSI;1523.47
RTSI;1522.21
RTSI;1521.43
RTSI;1520.8
RTSI;1520.13
RTSI;1517.74
RTSI;1518.2
RTSI;1515.14
RTSI;1514.59
RTSI;1515.02
RTSI;1515.46
RTSI;1515.57
RTSI;1514.8
RTSI;1514.69
RTSI;1513.98
RTSI;1515.32
RTSI;1517.89
RTSI;1517.48
RTSI;1520.63
RTSI;1521.64
RTSI;1520.42
RTSI;1520.56
RTSI;1519.52
RTSI;1517.91
RTSI;1518.98
RTSI;1518.76
RTSI;1518.13
RTSI;1518.36
RTSI;1517.31
RTSI;1517.65
RTSI;1516.62
RTSI;1516.42
RTSI;1518.48
RTSI;1518.22
RTSI;1521.88
RTSI;1525.43
RTSI;1524.81
RTSI;1529.63
RTSI;1525.07
RTSI;1523.69
RTSI;1525.84
RTSI;1523.5
RTSI;1525.04
RTSI;1523.64
RTSI;1523.65
RTSI;1523.65
RTSI;1521.16
RTSI;1521.16
RTSI;1531.51
RTSI;1531.51
RTSI;1529.27
RTSI;1530.13
RTSI;1531.46
RTSI;1531.32
RTSI;1530.61
RTSI;1528.94
RTSI;1527.79
RTSI;1527.66
RTSI;1526.19
RTSI;1525.69
RTSI;1529.44
RTSI;1528.5
RTSI;1528.18
RTSI;1529
RTSI;1531.46
RTSI;1531.34
RTSI;1529.22
RTSI;1529.95
RTSI;1531.08
RTSI;1531.65
RTSI;1534.52
RTSI;1534.28
RTSI;1536.11
RTSI;1534.33
RTSI;1534.36
RTSI;1533.95
RTSI;1532.97
RTSI;1534.07
RTSI;1534.1
RTSI;1535.49
RTSI;1534.99
RTSI;1535.96
RTSI;1537.06
RTSI;1535.37
RTSI;1534.79
RTSI;1534.56
RTSI;1535.55
RTSI;1534.51
RTSI;1535.57
RTSI;1536.63
RTSI;1536.09
RTSI;1537.83
RTSI;1537.95
RTSI;1536.96
RTSI;1537.69
RTSI;1537.97
RTSI;1537.47
RTSI;1537.37
RTSI;1538.62
RTSI;1538.47
RTSI;1538.32
RTSI;1538.46
RTSI;1538.73
RTSI;1538.16
RTSI;1538.6
RTSI;1538.58
RTSI;1535.62
RTSI;1535.87
RTSI;1534.39
RTSI;1534.05
RTSI;1535.09
RTSI;1537.1
RTSI;1537.22
RTSI;1539.62
RTSI;1539.44
RTSI;1539.81
RTSI;1541.4
RTSI;1540.91
RTSI;1540.99
RTSI;1542.03
RTSI;1541.16
RTSI;1542.86
RTSI;1545.04
RTSI;1545.68
RTSI;1545.52
RTSI;1547.29
RTSI;1546.79
RTSI;1546.57
RTSI;1547.17
RTSI;1547.7
RTSI;1549.84
RTSI;1549.16
RTSI;1547.7
RTSI;1546.95
RTSI;1545.84
RTSI;1545.4
RTSI;1546.78
RTSI;1544.41
RTSI;1543.57
RTSI;1544.05
RTSI;1544.55
RTSI;1547.23
RTSI;1546.83
RTSI;1547.69
RTSI;1545.62
RTSI;1545.97
RTSI;1544.74
RTSI;1544.9
RTSI;1545.32
RTSI;1546.15
RTSI;1545.92
RTSI;1548.15
RTSI;1548.16
RTSI;1547.19
RTSI;1547.19
RTSI;1546.58
RTSI;1545.29
RTSI;1540.77
RTSI;1540.08
RTSI;1540.34
RTSI;1541.55
RTSI;1541.93
RTSI;1543.21
RTSI;1543.6
RTSI;1542.51
RTSI;1543.61
RTSI;1543.04
RTSI;1539.22
RTSI;1542.02
RTSI;1541.06
RTSI;1539.34
RTSI;1540.59
RTSI;1543.54
RTSI;1547.25
RTSI;1554.86
RTSI;1556.98
RTSI;1561.28
RTSI;1559.96
RTSI;1560.76
RTSI;1563.82
RTSI;1569.34
RTSI;1566.32
RTSI;1569.65
RTSI;1570.06
RTSI;1571.49
RTSI;1574.29
RTSI;1573.9
RTSI;1572.25
RTSI;1572.93
RTSI;1572.09
RTSI;1570.47
RTSI;1571.81
RTSI;1571.52
RTSI;1570.41
RTSI;1571.21
RTSI;1572.2
RTSI;1569.59
RTSI;1569.71
RTSI;1569.93
RTSI;1569.67
RTSI;1570.22
RTSI;1571.3
RTSI;1571.87
RTSI;1571.19
RTSI;1573.28
RTSI;1574.8
RTSI;1576.14
RTSI;1578.75
RTSI;1577.08
RTSI;1576.88
RTSI;1570.69
RTSI;1570.31
RTSI;1569.21
RTSI;1568.35
RTSI;1569.18
RTSI;1568.42
RTSI;1569.38
RTSI;1570.49
RTSI;1570.82
RTSI;1572.75
RTSI;1572.89
RTSI;1573.73
RTSI;1575.28
RTSI;1574.27
RTSI;1572.04
RTSI;1572.23
RTSI;1571.11
RTSI;1571.62
RTSI;1572.56
RTSI;1574.2
RTSI;1574.1
RTSI;1574.19
RTSI;1573.87
RTSI;1575.19
RTSI;1574.25
RTSI;1573.78
RTSI;1576.03
RTSI;1576.96
RTSI;1577.18
RTSI;1574.96
RTSI;1574.64
RTSI;1573.63
RTSI;1573.47
RTSI;1573.41
RTSI;1573.95
RTSI;1573.94
RTSI;1570.51
RTSI;1568.39
RTSI;1571.32
RTSI;1568.13
RTSI;1569.69
RTSI;1571.4
RTSI;1570.14
RTSI;1566.97
RTSI;1566.2
RTSI;1567.81
RTSI;1561.87
RTSI;1564.14
RTSI;1562.38
RTSI;1562.38
RTSI;1560.48
RTSI;1560.48
RTSI;1575.13
RTSI;1577.54
RTSI;1575.54
RTSI;1575.26
RTSI;1574.68
RTSI;1574.8
RTSI;1572.47
RTSI;1573.39
RTSI;1573.22
RTSI;1572.03
RTSI;1572.02
RTSI;1571.56
RTSI;1574.37
RTSI;1572.32
RTSI;1570.07
RTSI;1569.26
RTSI;1566.57
RTSI;1564.93
RTSI;1564.75
RTSI;1565.03
RTSI;1565.46
RTSI;1565.67
RTSI;1566.01
RTSI;1565.75
RTSI;1562.74
RTSI;1562.18
RTSI;1561.29
RTSI;1560.5
RTSI;1559.56
RTSI;1557.99
RTSI;1558.27
RTSI;1557.66
RTSI;1557.22
RTSI;1555.4
RTSI;1554.17
RTSI;1554.89
RTSI;1554.59
RTSI;1554.28
RTSI;1554.93
RTSI;1554.65
RTSI;1553.26
RTSI;1555.44
RTSI;1554.54
RTSI;1555.73
RTSI;1554.57
RTSI;1554.78
RTSI;1552.09
RTSI;1548.8
RTSI;1548.48
RTSI;1549.52
RTSI;1548.9
RTSI;1550.11
RTSI;1549.25
RTSI;1552.07
RTSI;1553.08
RTSI;1552.13
RTSI;1553.04
RTSI;1553.03
RTSI;1552.87
RTSI;1555.07
RTSI;1554.48
RTSI;1555.04
RTSI;1554.22
RTSI;1555
RTSI;1554.55
RTSI;1551.44
RTSI;1550.85
RTSI;1549.96
RTSI;1548.85
RTSI;1548.27
RTSI;1546.88
RTSI;1548.96
RTSI;1547.72
RTSI;1547.88
RTSI;1545.76
RTSI;1546.27
RTSI;1544.42
RTSI;1545.2
RTSI;1546.57
RTSI;1547.05
RTSI;1546.04
RTSI;1544.13
RTSI;1542.14
RTSI;1540.55
RTSI;1542.25
RTSI;1542.25
RTSI;1542.35
RTSI;1540.39
RTSI;1541.15
RTSI;1541.62
RTSI;1537.07
RTSI;1535.89
RTSI;1535.31
RTSI;1536.11
RTSI;1537.72
RTSI;1541.56
RTSI;1540.45
RTSI;1539.5
RTSI;1538.16
RTSI;1537.71
RTSI;1538.58
RTSI;1539.98
RTSI;1539.97
RTSI;1540.1
RTSI;1540.11
RTSI;1539.42
RTSI;1539.42
RTSI;1542.79
RTSI;1545.79
RTSI;1547.22
RTSI;1547.11
RTSI;1542.66
RTSI;1536.75
RTSI;1536.44
RTSI;1530.21
RTSI;1530.88
RTSI;1531.88
RTSI;1532.23
RTSI;1532.1
RTSI;1534.35
RTSI;1532.36
RTSI;1534.54
RTSI;1531.96
RTSI;1533.4
RTSI;1532.65
RTSI;1531.13
RTSI;1532.42
RTSI;1534.21
RTSI;1532.32
RTSI;1528.59
RTSI;1525.37
RTSI;1526.19
RTSI;1520.92
RTSI;1520.66
RTSI;1522.28
RTSI;1522.18
RTSI;1518.31
RTSI;1518.62
RTSI;1520.07
RTSI;1521.27
RTSI;1517.74
RTSI;1518.71
RTSI;1519.15
RTSI;1519.85
RTSI;1519.49
RTSI;1516.9
RTSI;1512.08
RTSI;1514.7
RTSI;1513.45
RTSI;1513.61
RTSI;1513.1
RTSI;1513.25
RTSI;1511.33
RTSI;1512.02
RTSI;1511.74
RTSI;1514.55
RTSI;1511.37
RTSI;1512.67
RTSI;1515.22
RTSI;1516.3
RTSI;1515.14
RTSI;1513.12
RTSI;1512.81
RTSI;1512.22
RTSI;1511.19
RTSI;1512.66
RTSI;1512.01
RTSI;1513.23
RTSI;1513.57
RTSI;1512.49
RTSI;1512.01
RTSI;1512.23
RTSI;1512.55
RTSI;1514.42
RTSI;1514.25
RTSI;1513.7
RTSI;1513.71
RTSI;1515.54
RTSI;1515.24
RTSI;1516.22
RTSI;1514.51
RTSI;1515.79
RTSI;1517.52
RTSI;1518.42
RTSI;1521.55
RTSI;1519.62
RTSI;1520.97
RTSI;1517.14
RTSI;1517.03
RTSI;1518.83
RTSI;1518.03
RTSI;1519.26
RTSI;1517.84
RTSI;1517.57
RTSI;1515.77
RTSI;1515.37
RTSI;1514.16
RTSI;1507.98
RTSI;1510.59
RTSI;1507.46
RTSI;1509.04
RTSI;1510.87
RTSI;1510.22
RTSI;1509.25
RTSI;1511.56
RTSI;1513.38
RTSI;1512.84
RTSI;1515.83
RTSI;1516.61
RTSI;1516.05
RTSI;1516.11
RTSI;1516.11
RTSI;1518.23
RTSI;1518.23
RTSI;1521.58
RTSI;1520.54
RTSI;1517.98
RTSI;1513.88
RTSI;1521.05
RTSI;1525.45
RTSI;1527.11
RTSI;1527.66
RTSI;1527.91
RTSI;1527.17
RTSI;1526.9
RTSI;1527.87
RTSI;1524.49
RTSI;1527.19
RTSI;1529.54
RTSI;1525.96
RTSI;1524.23
RTSI;1522.42
RTSI;1522.82
RTSI;1519.85
RTSI;1518.47
RTSI;1517.18
RTSI;1515.67
RTSI;1516.36
RTSI;1515.69
RTSI;1517.16
RTSI;1511.54
RTSI;1510.03
RTSI;1506.97
RTSI;1509.65
RTSI;1510.58
RTSI;1508.89
RTSI;1507.32
RTSI;1508.68
RTSI;1508.95
RTSI;1507.84
RTSI;1508.73
RTSI;1508.74
RTSI;1509.28
RTSI;1508.54
RTSI;1507.35
RTSI;1507.8
RTSI;1506.95
RTSI;1507.48
RTSI;1512.01
RTSI;1510.64
RTSI;1510.88
RTSI;1510.7
RTSI;1510.18
RTSI;1514.24
RTSI;1511.19
RTSI;1511.06
RTSI;1511.64
RTSI;1512.2
RTSI;1512.64
RTSI;1511.63
RTSI;1511.47
RTSI;1509.36
RTSI;1508.86
RTSI;1508.82
RTSI;1508.49
RTSI;1510.16
RTSI;1510.58
RTSI;1509.36
RTSI;1510.23
RTSI;1510.26
RTSI;1508.99
RTSI;1509.1
RTSI;1509.49
RTSI;1509.06
RTSI;1508.78
RTSI;1506.53
RTSI;1504.59
RTSI;1505.5
RTSI;1505.45
RTSI;1503.35
RTSI;1503.29
RTSI;1504.54
RTSI;1505.88
RTSI;1504.22
RTSI;1502.26
RTSI;1500.91
RTSI;1497.98
RTSI;1497.05
RTSI;1497.64
RTSI;1496.4
RTSI;1496.28
RTSI;1496.5
RTSI;1497.66
RTSI;1497.29
RTSI;1501.54
RTSI;1501.52
RTSI;1501.69
RTSI;1500.13
RTSI;1501.65
RTSI;1502.47
RTSI;1501.92
RTSI;1503.04
RTSI;1502.28
RTSI;1504.5
RTSI;1503.81
RTSI;1504.92
RTSI;1504.97
RTSI;1506.04
RTSI;1506.04
RTSI;1503.95
RTSI;1503.95
RTSI;1519.93
RTSI;1518.89
RTSI;1516.58
RTSI;1518.95
RTSI;1516.62
RTSI;1514.35
RTSI;1512.46
RTSI;1511.35
RTSI;1513.58
RTSI;1515.9
RTSI;1516.74
RTSI;1517.09
RTSI;1515.58
RTSI;1514.54
RTSI;1514.51
RTSI;1516.67
RTSI;1514.85
RTSI;1514.72
RTSI;1515.29
RTSI;1515.04
RTSI;1515.09
RTSI;1514.32
RTSI;1514.61
RTSI;1516.39
RTSI;1515.98
RTSI;1516.36
RTSI;1515.87
RTSI;1516.19
RTSI;1518.58
RTSI;1519.77
RTSI;1520.07
RTSI;1521.29
RTSI;1520.91
RTSI;1520.84
RTSI;1520.48
RTSI;1519.98
RTSI;1518.1
RTSI;1517.17
RTSI;1516.81
RTSI;1516.52
RTSI;1516.99
RTSI;1517.32
RTSI;1517.42
RTSI;1517.48
RTSI;1518.48
RTSI;1519.09
RTSI;1519.35
RTSI;1520.05
RTSI;1519.73
RTSI;1519.89
RTSI;1522.05
RTSI;1522.36
RTSI;1523.88
RTSI;1523.24
RTSI;1522.21
RTSI;1521.91
RTSI;1521.35
RTSI;1523.62
RTSI;1523.99
RTSI;1523.43
RTSI;1523.83
RTSI;1523.55
RTSI;1524.05
RTSI;1524.75
RTSI;1525.72
RTSI;1528.04
RTSI;1527.63
RTSI;1527.85
RTSI;1529.17
RTSI;1530.23
RTSI;1530.38
RTSI;1530.28
RTSI;1531.57
RTSI;1534.23
RTSI;1532.53
RTSI;1532.25
RTSI;1531.77
RTSI;1532.04
RTSI;1528.48
RTSI;1528.59
RTSI;1528.87
RTSI;1528.84
RTSI;1529.69
RTSI;1530.35
RTSI;1533.7
RTSI;1537.72
RTSI;1539.74
RTSI;1541.62
RTSI;1541.89
RTSI;1543.28
RTSI;1539.86
RTSI;1538.95
RTSI;1539.34
RTSI;1540.06
RTSI;1538.96
RTSI;1539.27
RTSI;1545.11
RTSI;1545.88
RTSI;1547.87
RTSI;1545.21
RTSI;1541.84
RTSI;1541.67
RTSI;1540.8
RTSI;1540.99
RTSI;1540.99
RTSI;1539.56
RTSI;1539.56
RTSI;1549.76
RTSI;1547.92
RTSI;1554.3
RTSI;1555.75
RTSI;1552.91
RTSI;1552.84
RTSI;1552.34
RTSI;1553.55
RTSI;1553.86
RTSI;1553.09
RTSI;1552.61
RTSI;1554.21
RTSI;1550.81
RTSI;1548.54
RTSI;1548.7
RTSI;1546.2
RTSI;1547.68
RTSI;1548.29
RTSI;1553.52
RTSI;1553.38
RTSI;1553.56
RTSI;1553.71
RTSI;1554.24
RTSI;1553.59
RTSI;1551.03
RTSI;1550.79
RTSI;1551.64
RTSI;1551.09
RTSI;1549.86
RTSI;1550
RTSI;1549.44
RTSI;1549.99
RTSI;1551.72
RTSI;1551.21
RTSI;1550.64
RTSI;1549.99
RTSI;1549.95
RTSI;1550.57
RTSI;1550.99
RTSI;1552.32
RTSI;1551.87
RTSI;1550.9
RTSI;1550.76
RTSI;1550.9
RTSI;1550.76
RTSI;1550.85
RTSI;1550.99
RTSI;1551.65
RTSI;1552.07
RTSI;1552.01
RTSI;1550.97
RTSI;1551.07
RTSI;1551.7
RTSI;1553.51
RTSI;1553.66
RTSI;1552.71
RTSI;1553.39
RTSI;1551.66
RTSI;1552.86
RTSI;1552.77
RTSI;1553.81
RTSI;1552.26
RTSI;1552.71
RTSI;1552.67
RTSI;1552.72
RTSI;1553.42
RTSI;1553.57
RTSI;1554.47
RTSI;1554.86
RTSI;1552.3
RTSI;1552.55
RTSI;1553.26
RTSI;1552.99
RTSI;1553.74
RTSI;1556.73
RTSI;1555.47
RTSI;1554.32
RTSI;1553.58
RTSI;1554.7
RTSI;1555.26
RTSI;1555.41
RTSI;1554.36
RTSI;1555.59
RTSI;1554.85
RTSI;1554.4
RTSI;1552.52
RTSI;1554.13
RTSI;1555.74
RTSI;1555.87
RTSI;1555.43
RTSI;1556.92
RTSI;1554.78
RTSI;1553.8
RTSI;1553.31
RTSI;1554.1
RTSI;1555.33
RTSI;1553.54
RTSI;1554.54
RTSI;1553.77
RTSI;1553.7
RTSI;1554.8
RTSI;1554.71
RTSI;1555.84
RTSI;1555.88
RTSI;1555.88
RTSI;1557.44
RTSI;1557.44
RTSI;1542.48
RTSI;1545.69
RTSI;1545.88
RTSI;1546.86
RTSI;1545.02
RTSI;1545.02
RTSI;1546.16
RTSI;1545.68
RTSI;1544.93
RTSI;1545.25
RTSI;1541.17
RTSI;1540.07
RTSI;1540.85
RTSI;1543.26
RTSI;1540.82
RTSI;1542.06
RTSI;1543.81
RTSI;1543.81
RTSI;1544.54
RTSI;1544.6
RTSI;1544.77
RTSI;1544.87
RTSI;1544.57
RTSI;1544.06
RTSI;1542.65
RTSI;1541.23
RTSI;1541.63
RTSI;1538.06
RTSI;1537.32
RTSI;1535.95
RTSI;1536.7
RTSI;1536.64
RTSI;1536.56
RTSI;1536.36
RTSI;1535.21
RTSI;1535.76
RTSI;1535.44
RTSI;1532.81
RTSI;1532.24
RTSI;1533.2
RTSI;1532.79
RTSI;1535.01
RTSI;1534.88
RTSI;1535.59
RTSI;1535.56
RTSI;1536.71
RTSI;1537.92
RTSI;1536.88
RTSI;1537.05
RTSI;1536.4
RTSI;1535.6
RTSI;1536.3
RTSI;1536.97
RTSI;1536.91
RTSI;1535.78
RTSI;1537.61
RTSI;1538.09
RTSI;1538.53
RTSI;1540.27
RTSI;1537.78
RTSI;1538.98
RTSI;1539.31
RTSI;1539.37
RTSI;1540.59
RTSI;1541.32
RTSI;1540.64
RTSI;1540.95
RTSI;1541.99
RTSI;1541.82
RTSI;1539.93
RTSI;1540.02
RTSI;1541.02
RTSI;1541.74
RTSI;1540.85
RTSI;1541.47
RTSI;1540.88
RTSI;1542.08
RTSI;1541.88
RTSI;1541.28
RTSI;1541.71
RTSI;1543.41
RTSI;1543.34
RTSI;1546.27
RTSI;1545.22
RTSI;1546.58
RTSI;1546.15
RTSI;1544.95
RTSI;1545.34
RTSI;1544.89
RTSI;1545.56
RTSI;1545.32
RTSI;1544.98
RTSI;1544.78
RTSI;1546.56
RTSI;1547.44
RTSI;1545.56
RTSI;1541.37
RTSI;1543.07
RTSI;1544.62
RTSI;1544.6
RTSI;1544.25
RTSI;1543.67
RTSI;1542.99
RTSI;1542.05
RTSI;1542.06
RTSI;1543.5
RTSI;1543.5
RTSI;1545.61
RTSI;1547.43
RTSI;1548.53
RTSI;1549.27
RTSI;1549.54
RTSI;1547.81
RTSI;1548.01
RTSI;1548.31
RTSI;1547.79
RTSI;1547.17
RTSI;1547.59
RTSI;1546.85
RTSI;1543.75
RTSI;1542.49
RTSI;1541.71
RTSI;1543.7
RTSI;1543.74
RTSI;1541.37
RTSI;1541.64
RTSI;1538.64
RTSI;1535.54
RTSI;1535.5
RTSI;1535.66
RTSI;1536.26
RTSI;1534.68
RTSI;1531.25
RTSI;1531.74
RTSI;1532.23
RTSI;1531.33
RTSI;1532.34
RTSI;1531.38
RTSI;1529.93
RTSI;1530.87
RTSI;1531.19
RTSI;1532.17
RTSI;1532.04
RTSI;1532.32
RTSI;1531.29
RTSI;1534.94
RTSI;1536.47
RTSI;1536.21
RTSI;1535.74
RTSI;1538.35
RTSI;1539.86
RTSI;1540.38
RTSI;1542.64
RTSI;1542
RTSI;1541.56
RTSI;1539.3
RTSI;1539.84
RTSI;1539.31
RTSI;1539.62
RTSI;1541.57
RTSI;1540.54
RTSI;1541
RTSI;1539.76
RTSI;1539.12
RTSI;1536.32
RTSI;1536.43
RTSI;1536.72
RTSI;1537.83
RTSI;1535.79
RTSI;1535.23
RTSI;1534.72
RTSI;1534.09
RTSI;1534.94
RTSI;1535.16
RTSI;1536.05
RTSI;1536.6
RTSI;1539.27
RTSI;1539.51
RTSI;1538.9
RTSI;1539.8
RTSI;1540.81
RTSI;1538.93
RTSI;1539.11
RTSI;1539.65
RTSI;1539.12
RTSI;1538.18
RTSI;1536.81
RTSI;1537.98
RTSI;1535.23
RTSI;1536.41
RTSI;1536.11
RTSI;1537.73
RTSI;1539.31
RTSI;1538.74
RTSI;1538.01
RTSI;1538.28
RTSI;1538.16
RTSI;1537.28
RTSI;1536.42
RTSI;1535.47
RTSI;1536.44
RTSI;1534.18
RTSI;1532.39
RTSI;1534.51
RTSI;1533.69
RTSI;1533.15
RTSI;1533.8
RTSI;1534.95
RTSI;1534.63
RTSI;1534.49
RTSI;1536.04
RTSI;1536.04
RTSI;1534.89
RTSI;1534.89
RTSI;1542.42
RTSI;1543.6
RTSI;1543.8
RTSI;1545.6
RTSI;1546.38
RTSI;1546.51
RTSI;1545.33
RTSI;1546.7
RTSI;1545.25
RTSI;1546.55
RTSI;1544.45
RTSI;1544.71
RTSI;1542.54
RTSI;1541.48
RTSI;1541.65
RTSI;1541.54
RTSI;1542.04
RTSI;1541.71
RTSI;1543.04
RTSI;1542.45
RTSI;1540.39
RTSI;1540.65
RTSI;1540.48
RTSI;1539.61
RTSI;1539.72
RTSI;1541.07
RTSI;1541.7
RTSI;1541.19
RTSI;1539.25
RTSI;1540.15
RTSI;1540.98
RTSI;1541.1
RTSI;1541.61
RTSI;1543.32
RTSI;1542.84
RTSI;1543.22
RTSI;1544.28
RTSI;1543.17
RTSI;1541.04
RTSI;1541.13
RTSI;1541.61
RTSI;1540.61
RTSI;1540.86
RTSI;1540.81
RTSI;1541.04
RTSI;1540.99
RTSI;1541.14
RTSI;1540.83
RTSI;1540.91
RTSI;1540.01
RTSI;1541.2
RTSI;1541.53
RTSI;1540.73
RTSI;1540.45
RTSI;1540.39
RTSI;1541.36
RTSI;1541.61
RTSI;1541.29
RTSI;1541.79
RTSI;1541.2
RTSI;1541.49
RTSI;1541.4
RTSI;1540.22
RTSI;1539.49
RTSI;1540.3
RTSI;1540.26
RTSI;1538.22
RTSI;1538.47
RTSI;1538.95
RTSI;1538.88
RTSI;1539.22
RTSI;1539.27
RTSI;1539.15
RTSI;1538.96
RTSI;1540.01
RTSI;1539.54
RTSI;1538.88
RTSI;1538.75
RTSI;1538.79
RTSI;1540.19
RTSI;1540.24
RTSI;1540.69
RTSI;1539.69
RTSI;1539.39
RTSI;1539.3
RTSI;1538.58
RTSI;1538.83
RTSI;1539.45
RTSI;1539.99
RTSI;1540.83
RTSI;1542.09
RTSI;1541.5
RTSI;1541.55
RTSI;1541.99
RTSI;1541.86
RTSI;1542.89
RTSI;1542.78
RTSI;1541.7
RTSI;1542.14
RTSI;1541.62
RTSI;1541.84
RTSI;1541.72
RTSI;1542.28
RTSI;1542.7
RTSI;1542.7
RTSI;1543.25
RTSI;1543.25
RTSI;1529.44
RTSI;1530.73
RTSI;1528.44
RTSI;1530.02
RTSI;1530.08
RTSI;1529.89
RTSI;1528.92
RTSI;1528.09
RTSI;1529.33
RTSI;1529.42
RTSI;1525.87
RTSI;1525.52
RTSI;1526.1
RTSI;1527.82
RTSI;1527.46
RTSI;1527.49
RTSI;1527.5
RTSI;1525.65
RTSI;1527.97
RTSI;1528.03
RTSI;1527.61
RTSI;1527.16
RTSI;1527.39
RTSI;1528
RTSI;1526.44
RTSI;1526.95
RTSI;1526.41
RTSI;1526.48
RTSI;1526.12
RTSI;1527.15
RTSI;1526.26
RTSI;1524.6
RTSI;1525.82
RTSI;1525.35
RTSI;1525.08
RTSI;1525.49
RTSI;1525.83
RTSI;1526.43
RTSI;1527.16
RTSI;1528.53
RTSI;1528.26
RTSI;1526.85
RTSI;1528.41
RTSI;1528.12
RTSI;1527.83
RTSI;1527.11
RTSI;1527.03
RTSI;1527.22
RTSI;1527.42
RTSI;1527.22
RTSI;1527.7
RTSI;1528.41
RTSI;1528.44
RTSI;1529.96
RTSI;1528.36
RTSI;1527.54
RTSI;1526.93
RTSI;1526.27
RTSI;1525.4
RTSI;1523.44
RTSI;1522.69
RTSI;1522.48
RTSI;1522.01
RTSI;1520.16
RTSI;1518.71
RTSI;1520.08
RTSI;1519.77
RTSI;1519.65
RTSI;1520.98
RTSI;1520.58
RTSI;1519.25
RTSI;1519.95
RTSI;1517.97
RTSI;1519.13
RTSI;1519.07
RTSI;1518.77
RTSI;1520.52
RTSI;1520.46
RTSI;1521.36
RTSI;1520.95
RTSI;1520.86
RTSI;1521.24
RTSI;1521.46
RTSI;1519.44
RTSI;1521.3
RTSI;1521.2
RTSI;1520.92
RTSI;1520.24
RTSI;1521.67
RTSI;1521.64
RTSI;1524.54
RTSI;1524.58
RTSI;1525.06
RTSI;1526.43
RTSI;1526.31
RTSI;1527.69
RTSI;1527.7
RTSI;1527.74
RTSI;1527.2
RTSI;1526.83
RTSI;1526.81
RTSI;1513.29
RTSI;1511.99
RTSI;1514.52
RTSI;1514.54
RTSI;1515.54
RTSI;1515.54
RTSI;1529.6
RTSI;1529.37
RTSI;1528.94
RTSI;1531.26
RTSI;1530.25
RTSI;1530.32
RTSI;1528.91
RTSI;1529.32
RTSI;1527.94
RTSI;1528.63
RTSI;1530.34
RTSI;1531.16
RTSI;1530.71
RTSI;1529
RTSI;1527.89
RTSI;1529.81
RTSI;1532.55
RTSI;1532.02
RTSI;1534.11
RTSI;1533.65
RTSI;1534.08
RTSI;1533.21
RTSI;1534.02
RTSI;1534.1
RTSI;1536.86
RTSI;1538.44
RTSI;1538.28
RTSI;1537.99
RTSI;1536.89
RTSI;1538.55
RTSI;1537.81
RTSI;1537.13
RTSI;1537.68
RTSI;1538.68
RTSI;1539.16
RTSI;1538.32
RTSI;1538.47
RTSI;1538.93
RTSI;1539.23
RTSI;1539.25
RTSI;1539.48
RTSI;1539.02
RTSI;1538.4
RTSI;1537.62
RTSI;1538.11
RTSI;1538.4
RTSI;1538.56
RTSI;1538.89
RTSI;1538.28
RTSI;1537.6
RTSI;1537.88
RTSI;1538.28
RTSI;1537.34
RTSI;1536.8
RTSI;1536.49
RTSI;1539.36
RTSI;1538.72
RTSI;1538.44
RTSI;1539.88
RTSI;1539.61
RTSI;1540.46
RTSI;1540.91
RTSI;1542.81
RTSI;1543.4
RTSI;1543.39
RTSI;1542.81
RTSI;1544.18
RTSI;1543.35
RTSI;1543.42
RTSI;1543.9
RTSI;1543.47
RTSI;1543.44
RTSI;1542.25
RTSI;1541.85
RTSI;1541.71
RTSI;1540.46
RTSI;1541.26
RTSI;1541.45
RTSI;1541.46
RTSI;1540.83
RTSI;1540.82
RTSI;1542.61
RTSI;1542.37
RTSI;1543.4
RTSI;1543.05
RTSI;1541.13
RTSI;1541.23
RTSI;1541.8
RTSI;1541.55
RTSI;1541
RTSI;1541.49
RTSI;1541.2
RTSI;1541.16
RTSI;1542.37
RTSI;1542.69
RTSI;1541.83
RTSI;1542.51
RTSI;1542.26
RTSI;1540.88
RTSI;1540.25
RTSI;1541.92
RTSI;1541.72
RTSI;1541.6
RTSI;1542.56
RTSI;1542.56
RTSI;1542.08
RTSI;1542.08
RTSI;1543.72
RTSI;1543.4
RTSI;1544.57
RTSI;1545.1
RTSI;1546.2
RTSI;1548.18
RTSI;1549.16
RTSI;1549.98
RTSI;1549.17
RTSI;1549.02
RTSI;1550.19
RTSI;1551.37
RTSI;1551.37
RTSI;1550.52
RTSI;1550.68
RTSI;1548.36
RTSI;1545.33
RTSI;1544.7
RTSI;1545.39
RTSI;1545.39
RTSI;1546.18
RTSI;1546.93
RTSI;1546.3
RTSI;1545.95
RTSI;1545.12
RTSI;1544.57
RTSI;1545.14
RTSI;1545.19
RTSI;1544.87
RTSI;1544.64
RTSI;1545.65
RTSI;1546.28
RTSI;1545.77
RTSI;1546.21
RTSI;1546.61
RTSI;1547.61
RTSI;1548.42
RTSI;1548.08
RTSI;1547.9
RTSI;1548.34
RTSI;1548.45
RTSI;1548.21
RTSI;1548.42
RTSI;1547.57
RTSI;1547.28
RTSI;1547.06
RTSI;1547.11
RTSI;1547.74
RTSI;1547.89
RTSI;1547.73
RTSI;1548.32
RTSI;1549.13
RTSI;1548.76
RTSI;1548.89
RTSI;1548.54
RTSI;1547.75
RTSI;1547.86
RTSI;1547.85
RTSI;1546.63
RTSI;1547.67
RTSI;1548.42
RTSI;1549.5
RTSI;1548.92
RTSI;1549.45
RTSI;1548.93
RTSI;1548.9
RTSI;1548.64
RTSI;1549.44
RTSI;1548.5
RTSI;1548.63
RTSI;1548.68
RTSI;1549.98
RTSI;1548.7
RTSI;1548.74
RTSI;1549.07
RTSI;1548.45
RTSI;1548.28
RTSI;1547.32
RTSI;1545.83
RTSI;1544.09
RTSI;1542.54
RTSI;1543.95
RTSI;1543.94
RTSI;1544.82
RTSI;1544.72
RTSI;1545.49
RTSI;1545.96
RTSI;1545.89
RTSI;1545.87
RTSI;1544.86
RTSI;1540.79
RTSI;1538.51
RTSI;1539.4
RTSI;1538.71
RTSI;1542.63
RTSI;1542.89
RTSI;1541.3
RTSI;1540.37
RTSI;1541.26
RTSI;1540.65
RTSI;1539.92
RTSI;1538.76
RTSI;1538.46
RTSI;1538.42
RTSI;1538.4
RTSI;1535.81
RTSI;1535.81
RTSI;1524.76
RTSI;1525.67
RTSI;1522.48
RTSI;1524.63
RTSI;1524.79
RTSI;1523.6
RTSI;1522.56
RTSI;1520.59
RTSI;1518.77
RTSI;1519
RTSI;1519.47
RTSI;1520.03
RTSI;1519.38
RTSI;1515.96
RTSI;1517.68
RTSI;1518.94
RTSI;1518.14
RTSI;1520.1
RTSI;1523.61
RTSI;1524.1
RTSI;1523.9
RTSI;1522.62
RTSI;1523.35
RTSI;1527.38
RTSI;1525.88
RTSI;1526.15
RTSI;1524.74
RTSI;1525.56
RTSI;1524.74
RTSI;1524.35
RTSI;1523.12
RTSI;1523.27
RTSI;1523.96
RTSI;1523.69
RTSI;1522.42
RTSI;1522.96
RTSI;1525.37
RTSI;1525.27
RTSI;1526.56
RTSI;1526.05
RTSI;1525.37
RTSI;1526.01
RTSI;1526.01
RTSI;1526.74
RTSI;1526.38
RTSI;1526.82
RTSI;1526.65
RTSI;1525.69
RTSI;1524.85
RTSI;1523.21
RTSI;1523.54
RTSI;1523.99
RTSI;1523.51
RTSI;1524.17
RTSI;1524.52
RTSI;1524.6
RTSI;1525.95
RTSI;1524.79
RTSI;1524.1
RTSI;1523.86
RTSI;1523.93
RTSI;1523.17
RTSI;1523.53
RTSI;1524.08
RTSI;1525.68
RTSI;1526.25
RTSI;1527.35
RTSI;1529.05
RTSI;1529.59
RTSI;1531.3
RTSI;1530.78
RTSI;1530.05
RTSI;1529.99
RTSI;1529.76
RTSI;1529.36
RTSI;1529.68
RTSI;1529.7
RTSI;1530
RTSI;1528.04
RTSI;1530.09
RTSI;1528.4
RTSI;1527.64
RTSI;1527.59
RTSI;1525.92
RTSI;1526.7
RTSI;1526.31
RTSI;1525.08
RTSI;1524.79
RTSI;1525.81
RTSI;1525.63
RTSI;1524.4
RTSI;1522.19
RTSI;1521.96
RTSI;1518.82
RTSI;1521.13
RTSI;1521.63
RTSI;1519.87
RTSI;1521.64
RTSI;1521.22
RTSI;1525.06
RTSI;1528.38
RTSI;1526.9
RTSI;1526.4
RTSI;1527.5
RTSI;1527.49
RTSI;1524.71
RTSI;1524.71
RTSI;1490.95
RTSI;1492.34
RTSI;1492.93
RTSI;1492.49
RTSI;1492.28
RTSI;1489.89
RTSI;1491.01
RTSI;1489.94
RTSI;1491.62
RTSI;1489.53
RTSI;1489.73
RTSI;1487.59
RTSI;1484.17
RTSI;1481.31
RTSI;1483.43
RTSI;1480.83
RTSI;1481.28
RTSI;1480.08
RTSI;1486.04
RTSI;1483.29
RTSI;1481.72
RTSI;1481.98
RTSI;1479.67
RTSI;1478.66
RTSI;1479.65
RTSI;1477.61
RTSI;1475.03
RTSI;1475.12
RTSI;1475.76
RTSI;1474.32
RTSI;1474.3
RTSI;1474
RTSI;1472.92
RTSI;1474.38
RTSI;1472.58
RTSI;1471.78
RTSI;1472.19
RTSI;1471.21
RTSI;1472.5
RTSI;1470.86
RTSI;1469.58
RTSI;1469.09
RTSI;1467.88
RTSI;1466.18
RTSI;1463.47
RTSI;1463.32
RTSI;1464.19
RTSI;1464.63
RTSI;1461.92
RTSI;1461.48
RTSI;1464.24
RTSI;1463.12
RTSI;1463.21
RTSI;1464.22
RTSI;1466.25
RTSI;1470.98
RTSI;1469.43
RTSI;1469.25
RTSI;1467.79
RTSI;1464.42
RTSI;1465.06
RTSI;1464.47
RTSI;1464.89
RTSI;1464.31
RTSI;1466.23
RTSI;1466.6
RTSI;1466.67
RTSI;1468.45
RTSI;1468.17
RTSI;1470.48
RTSI;1470.69
RTSI;1469.27
RTSI;1467.76
RTSI;1467.49
RTSI;1468.93
RTSI;1467.14
RTSI;1466.87
RTSI;1467.76
RTSI;1466.83
RTSI;1467.74
RTSI;1467.36
RTSI;1465.94
RTSI;1466.65
RTSI;1466.71
RTSI;1466.04
RTSI;1465.85
RTSI;1466.17
RTSI;1467.56
RTSI;1468.87
RTSI;1469.66
RTSI;1467.97
RTSI;1468.49
RTSI;1463.75
RTSI;1461.79
RTSI;1464.59
RTSI;1464.06
RTSI;1461.4
RTSI;1459.59
RTSI;1457.48
RTSI;1455.46
RTSI;1449.6
RTSI;1447.77
RTSI;1446.85
RTSI;1448.56
RTSI;1448.54
RTSI;1446.11
RTSI;1446.11
RTSI;1435.51
RTSI;1440.72
RTSI;1441.27
RTSI;1439.49
RTSI;1434.84
RTSI;1431.51
RTSI;1430.94
RTSI;1430.23
RTSI;1427.07
RTSI;1429.95
RTSI;1432.84
RTSI;1441.31
RTSI;1438.7
RTSI;1446.54
RTSI;1444.31
RTSI;1442.92
RTSI;1445.3
RTSI;1443.22
RTSI;1445.92
RTSI;1445.46
RTSI;1439.41
RTSI;1434.98
RTSI;1435.62
RTSI;1435.97
RTSI;1426.47
RTSI;1421.69
RTSI;1424.35
RTSI;1425.2
RTSI;1424.2
RTSI;1423.89
RTSI;1421.85
RTSI;1427.09
RTSI;1426.74
RTSI;1424.21
RTSI;1425.28
RTSI;1421.56
RTSI;1423.25
RTSI;1428.49
RTSI;1426.41
RTSI;1429.41
RTSI;1428.04
RTSI;1430.12
RTSI;1429.97
RTSI;1429.75
RTSI;1429.64
RTSI;1426.43
RTSI;1426.33
RTSI;1426.57
RTSI;1426.78
RTSI;1428.44
RTSI;1428.11
RTSI;1429.09
RTSI;1432.44
RTSI;1435.28
RTSI;1436.84
RTSI;1437.77
RTSI;1437.89
RTSI;1436.77
RTSI;1436.6
RTSI;1434.95
RTSI;1435.78
RTSI;1440.04
RTSI;1441.07
RTSI;1439.32
RTSI;1438.54
RTSI;1439.09
RTSI;1439.82
RTSI;1437.35
RTSI;1437.31
RTSI;1439.23
RTSI;1439.86
RTSI;1441.19
RTSI;1441.62
RTSI;1440.81
RTSI;1439.93
RTSI;1443.67
RTSI;1446.27
RTSI;1448.33
RTSI;1448.72
RTSI;1452.25
RTSI;1449.39
RTSI;1449.36
RTSI;1449.05
RTSI;1448.47
RTSI;1450.2
RTSI;1450.13
RTSI;1448.94
RTSI;1448.05
RTSI;1446.63
RTSI;1443.84
RTSI;1448.47
RTSI;1453.43
RTSI;1457.39
RTSI;1458.6
RTSI;1459.67
RTSI;1457.66
RTSI;1455.27
RTSI;1453.79
RTSI;1454.89
RTSI;1458.81
RTSI;1460.62
RTSI;1459.2
RTSI;1462.74
RTSI;1464.34
RTSI;1464.33
RTSI;1461.22
RTSI;1461.22
RTSI;1427.22
RTSI;1425.82
RTSI;1434.67
RTSI;1437.21
RTSI;1436.87
RTSI;1436.1
RTSI;1437.11
RTSI;1442.85
RTSI;1440.5
RTSI;1439.74
RTSI;1437
RTSI;1435.29
RTSI;1437.94
RTSI;1432.32
RTSI;1431.31
RTSI;1433.27
RTSI;1431.55
RTSI;1431.05
RTSI;1431.04
RTSI;1431.46
RTSI;1431.5
RTSI;1430.25
RTSI;1429.58
RTSI;1430.98
RTSI;1433.12
RTSI;1432.19
RTSI;1431.42
RTSI;1430.43
RTSI;1431.85
RTSI;1432.55
RTSI;1433.35
RTSI;1431.19
RTSI;1430.86
RTSI;1428.98
RTSI;1428.47
RTSI;1428.72
RTSI;1430.09
RTSI;1429.64
RTSI;1429.46
RTSI;1428.35
RTSI;1428.01
RTSI;1426.37
RTSI;1429.17
RTSI;1429.99
RTSI;1430.85
RTSI;1428.84
RTSI;1427.62
RTSI;1427.02
RTSI;1426.45
RTSI;1426.8
RTSI;1427.03
RTSI;1426.62
RTSI;1427.25
RTSI;1428.15
RTSI;1426.47
RTSI;1426.54
RTSI;1423.86
RTSI;1424.1
RTSI;1421.93
RTSI;1420.06
RTSI;1422.06
RTSI;1422.88
RTSI;1420.93
RTSI;1420.07
RTSI;1415.57
RTSI;1412.42
RTSI;1414.14
RTSI;1413.73
RTSI;1410.08
RTSI;1410.1
RTSI;1411.04
RTSI;1409.73
RTSI;1409.66
RTSI;1404.97
RTSI;1402.02
RTSI;1400.99
RTSI;1400.33
RTSI;1409.51
RTSI;1409.71
RTSI;1407.26
RTSI;1408.06
RTSI;1403.55
RTSI;1402.96
RTSI;1403.55
RTSI;1403.42
RTSI;1400.96
RTSI;1397.64
RTSI;1401.14
RTSI;1397.37
RTSI;1397.29
RTSI;1393.44
RTSI;1399.44
RTSI;1396.95
RTSI;1391.31
RTSI;1395.52
RTSI;1397
RTSI;1394.05
RTSI;1393.01
RTSI;1394.53
RTSI;1392.13
RTSI;1388.85
RTSI;1386.51
RTSI;1381.74
RTSI;1385.32
RTSI;1385.33
RTSI;1386.2
RTSI;1386.2
RTSI;1322.67
RTSI;1330.75
RTSI;1318.29
RTSI;1318.41
RTSI;1316.62
RTSI;1316.36
RTSI;1311.47
RTSI;1310.72
RTSI;1306.78
RTSI;1316.37
RTSI;1315.23
RTSI;1310.48
RTSI;1321.98
RTSI;1319.47
RTSI;1319.78
RTSI;1323.89
RTSI;1327.72
RTSI;1321.95
RTSI;1315.42
RTSI;1316.68
RTSI;1320.13
RTSI;1311.87
RTSI;1309.83
RTSI;1310.64
RTSI;1308.68
RTSI;1306.22
RTSI;1302.68
RTSI;1301.5
RTSI;1295.97
RTSI;1287.13
RTSI;1285.04
RTSI;1286.26
RTSI;1287.77
RTSI;1294.66
RTSI;1290.64
RTSI;1293.53
RTSI;1290.66
RTSI;1288.33
RTSI;1289.28
RTSI;1293.65
RTSI;1300.06
RTSI;1305.04
RTSI;1299.54
RTSI;1302.49
RTSI;1309.96
RTSI;1309
RTSI;1310.92
RTSI;1310.15
RTSI;1310.85
RTSI;1313.75
RTSI;1315.79
RTSI;1315.43
RTSI;1312.17
RTSI;1311.21
RTSI;1319.04
RTSI;1324.65
RTSI;1323.39
RTSI;1319.55
RTSI;1318.6
RTSI;1314.35
RTSI;1312.47
RTSI;1310.41
RTSI;1315.3
RTSI;1321.8
RTSI;1323.96
RTSI;1322.58
RTSI;1319.5
RTSI;1325.07
RTSI;1325.42
RTSI;1327.07
RTSI;1324.11
RTSI;1325.12
RTSI;1324.13
RTSI;1323.2
RTSI;1327.68
RTSI;1323.72
RTSI;1323.77
RTSI;1321.92
RTSI;1320.83
RTSI;1324.4
RTSI;1321.33
RTSI;1313.2
RTSI;1311.31
RTSI;1312.89
RTSI;1308.58
RTSI;1302.85
RTSI;1303.71
RTSI;1295.87
RTSI;1299.41
RTSI;1298.62
RTSI;1308.12
RTSI;1307.69
RTSI;1306.35
RTSI;1304.78
RTSI;1299.44
RTSI;1299.11
RTSI;1292.07
RTSI;1292.72
RTSI;1292.99
RTSI;1298.61
RTSI;1296.57
RTSI;1292.24
RTSI;1294.53
RTSI;1294.79
RTSI;1294.78
RTSI;1299.69
RTSI;1299.69
RTSI;1344.12
RTSI;1344.34
RTSI;1346.97
RTSI;1344.35
RTSI;1340.49
RTSI;1339.13
RTSI;1342.74
RTSI;1345.63
RTSI;1352.28
RTSI;1357.02
RTSI;1356.09
RTSI;1358.86
RTSI;1360.76
RTSI;1364.84
RTSI;1365.37
RTSI;1364.2
RTSI;1363.52
RTSI;1360.9
RTSI;1364.52
RTSI;1366.4
RTSI;1365.47
RTSI;1364.03
RTSI;1361.46
RTSI;1356.95
RTSI;1358.5
RTSI;1356.78
RTSI;1353.11
RTSI;1353.87
RTSI;1356.14
RTSI;1352.53
RTSI;1350.82
RTSI;1350.14
RTSI;1345.57
RTSI;1347.69
RTSI;1344.16
RTSI;1348
RTSI;1341.81
RTSI;1340.69
RTSI;1336.67
RTSI;1339.01
RTSI;1337.02
RTSI;1338.95
RTSI;1343.03
RTSI;1341.87
RTSI;1340.79
RTSI;1338.12
RTSI;1337.98
RTSI;1332.59
RTSI;1332.65
RTSI;1326.55
RTSI;1321.5
RTSI;1326.44
RTSI;1325.08
RTSI;1322.66
RTSI;1319.36
RTSI;1321.66
RTSI;1317.02
RTSI;1318.63
RTSI;1315.16
RTSI;1304.98
RTSI;1290.99
RTSI;1297.14
RTSI;1293.93
RTSI;1289.73
RTSI;1286.38
RTSI;1297.97
RTSI;1285.54
RTSI;1287.11
RTSI;1285.56
RTSI;1290.64
RTSI;1295.17
RTSI;1304.32
RTSI;1300.34
RTSI;1299.58
RTSI;1299.73
RTSI;1300.34
RTSI;1294.3
RTSI;1291.22
RTSI;1292.15
RTSI;1287.93
RTSI;1284.46
RTSI;1289.21
RTSI;1294.35
RTSI;1302.69
RTSI;1307.41
RTSI;1304.55
RTSI;1306.21
RTSI;1305
RTSI;1313.7
RTSI;1316.28
RTSI;1307.93
RTSI;1302.7
RTSI;1303.14
RTSI;1303.31
RTSI;1305.41
RTSI;1302.15
RTSI;1299.02
RTSI;1296.42
RTSI;1304.22
RTSI;1301.15
RTSI;1299.42
RTSI;1304.51
RTSI;1306.7
RTSI;1308.59
RTSI;1308.6
RTSI;1303.47
RTSI;1303.47
RTSI;1340.36
RTSI;1333.38
RTSI;1335.47
RTSI;1332.31
RTSI;1327.95
RTSI;1331.27
RTSI;1331.58
RTSI;1333.16
RTSI;1336.85
RTSI;1334.52
RTSI;1335.28
RTSI;1339.12
RTSI;1339.16
RTSI;1338.85
RTSI;1344.97
RTSI;1346.87
RTSI;1345.97
RTSI;1343.87
RTSI;1344.1
RTSI;1346.42
RTSI;1341.33
RTSI;1340.58
RTSI;1335.92
RTSI;1340.61
RTSI;1330.34
RTSI;1333.13
RTSI;1336.45
RTSI;1336.38
RTSI;1334.96
RTSI;1339.47
RTSI;1339.16
RTSI;1338.22
RTSI;1337.81
RTSI;1340.69
RTSI;1338.87
RTSI;1341.2
RTSI;1339.56
RTSI;1338.17
RTSI;1336.53
RTSI;1338.9
RTSI;1338.72
RTSI;1339.01
RTSI;1338.15
RTSI;1338.62
RTSI;1338.32
RTSI;1339.46
RTSI;1341.35
RTSI;1340.55
RTSI;1339.83
RTSI;1337.64
RTSI;1337.61
RTSI;1337.16
RTSI;1337.55
RTSI;1333.02
RTSI;1335.86
RTSI;1335.71
RTSI;1335.19
RTSI;1335.86
RTSI;1336.36
RTSI;1339.17
RTSI;1344.03
RTSI;1344.8
RTSI;1344.78
RTSI;1347.68
RTSI;1347.71
RTSI;1349.35
RTSI;1347.72
RTSI;1341.28
RTSI;1339.46
RTSI;1337.34
RTSI;1338.15
RTSI;1339.47
RTSI;1336.49
RTSI;1332.87
RTSI;1336.01
RTSI;1340.41
RTSI;1342.49
RTSI;1342.26
RTSI;1342.79
RTSI;1342.02
RTSI;1339.81
RTSI;1338.98
RTSI;1340.14
RTSI;1339.79
RTSI;1339.95
RTSI;1340.32
RTSI;1337.05
RTSI;1339.78
RTSI;1341.28
RTSI;1342.46
RTSI;1332.2
RTSI;1330.36
RTSI;1332.99
RTSI;1331.62
RTSI;1324.25
RTSI;1323.44
RTSI;1353.89
RTSI;1349.62
RTSI;1342.45
RTSI;1345.46
RTSI;1350.93
RTSI;1351.68
RTSI;1352.9
RTSI;1355.81
RTSI;1355.81
RTSI;1358.03
RTSI;1358.03
RTSI;1330.95
RTSI;1332.82
RTSI;1333.01
RTSI;1330.84
RTSI;1330.9
RTSI;1333.26
RTSI;1331.13
RTSI;1331.83
RTSI;1331.37
RTSI;1333.12
RTSI;1334.93
RTSI;1333.78
RTSI;1332.45
RTSI;1336.19
RTSI;1336.36
RTSI;1335.63
RTSI;1333.68
RTSI;1335.26
RTSI;1338.58
RTSI;1341.31
RTSI;1342.95
RTSI;1342.28
RTSI;1345.49
RTSI;1345
RTSI;1347.65
RTSI;1342.46
RTSI;1344.16
RTSI;1346.82
RTSI;1346.47
RTSI;1346.8
RTSI;1348.44
RTSI;1350.64
RTSI;1352.29
RTSI;1350.44
RTSI;1347.42
RTSI;1350.42
RTSI;1350.71
RTSI;1351.7
RTSI;1352.76
RTSI;1352.32
RTSI;1353.34
RTSI;1354.42
RTSI;1355.8
RTSI;1356.22
RTSI;1356.32
RTSI;1355.98
RTSI;1354.5
RTSI;1351.95
RTSI;1354.05
RTSI;1350.59
RTSI;1350.84
RTSI;1349.94
RTSI;1353.47
RTSI;1354.48
RTSI;1354.57
RTSI;1356.04
RTSI;1357.49
RTSI;1357.39
RTSI;1358.89
RTSI;1358.69
RTSI;1356.96
RTSI;1359.81
RTSI;1360.46
RTSI;1360.63
RTSI;1360.48
RTSI;1361.19
RTSI;1361.14
RTSI;1362.01
RTSI;1360.51
RTSI;1362.49
RTSI;1363.03
RTSI;1360.49
RTSI;1356.8
RTSI;1354.32
RTSI;1353.56
RTSI;1355.82
RTSI;1356.49
RTSI;1355.81
RTSI;1357.02
RTSI;1356.81
RTSI;1357.69
RTSI;1358.02
RTSI;1355.82
RTSI;1355.95
RTSI;1353.47
RTSI;1354.54
RTSI;1355.15
RTSI;1354.6
RTSI;1353.69
RTSI;1352.93
RTSI;1352.06
RTSI;1347.34
RTSI;1346.45
RTSI;1345.83
RTSI;1343.04
RTSI;1342.2
RTSI;1345.23
RTSI;1347.45
RTSI;1349.25
RTSI;1349.82
RTSI;1350.82
RTSI;1350.38
RTSI;1347.22
RTSI;1347.34
RTSI;1347.34
RTSI;1348.19
RTSI;1348.19
RTSI;1359.5
RTSI;1356.6
RTSI;1356.23
RTSI;1354.12
RTSI;1355.73
RTSI;1351.59
RTSI;1353.46
RTSI;1354.34
RTSI;1352.7
RTSI;1353.23
RTSI;1353.28
RTSI;1354.19
RTSI;1353.9
RTSI;1353.56
RTSI;1351.12
RTSI;1350.18
RTSI;1346.27
RTSI;1345.26
RTSI;1347.21
RTSI;1342.41
RTSI;1343.52
RTSI;1343.82
RTSI;1346.24
RTSI;1343.73
RTSI;1343.7
RTSI;1337.64
RTSI;1339.17
RTSI;1339
RTSI;1337.23
RTSI;1337.32
RTSI;1336.87
RTSI;1335.78
RTSI;1335.5
RTSI;1336.94
RTSI;1337.73
RTSI;1336.57
RTSI;1333.73
RTSI;1329.41
RTSI;1327.67
RTSI;1330.11
RTSI;1328.9
RTSI;1330.53
RTSI;1331.29
RTSI;1335.28
RTSI;1334.93
RTSI;1338.59
RTSI;1336.3
RTSI;1334.69
RTSI;1335.28
RTSI;1342.56
RTSI;1342.04
RTSI;1341.94
RTSI;1340
RTSI;1336.15
RTSI;1333.73
RTSI;1332.44
RTSI;1332.39
RTSI;1333.7
RTSI;1331.71
RTSI;1331.88
RTSI;1332.48
RTSI;1334.54
RTSI;1336.55
RTSI;1335.64
RTSI;1336.26
RTSI;1337.64
RTSI;1335.64
RTSI;1335.2
RTSI;1336.84
RTSI;1333.88
RTSI;1336.4
RTSI;1336.19
RTSI;1334.98
RTSI;1334.83
RTSI;1335.22
RTSI;1332.1
RTSI;1328.2
RTSI;1325.96
RTSI;1324.74
RTSI;1324.79
RTSI;1327.16
RTSI;1325.46
RTSI;1324.93
RTSI;1324.2
RTSI;1322.72
RTSI;1323.7
RTSI;1322.99
RTSI;1321.65
RTSI;1321.59
RTSI;1324.5
RTSI;1324.52
RTSI;1328.2
RTSI;1327.34
RTSI;1323.63
RTSI;1324.25
RTSI;1321.56
RTSI;1321.11
RTSI;1321.07
RTSI;1326.46
RTSI;1325.53
RTSI;1325.41
RTSI;1324.68
RTSI;1324.96
RTSI;1323.16
RTSI;1323.14
RTSI;1323.82
